open,high,low,close,volume,adj_high,adj_low,adj_close,adj_open,adj_volume,split_factor,dividend,symbol,exchange,date
179.69,180.27,177.58,179.8,67690988.0,180.27,177.58,179.8,179.69,67823003.0,1.0,0.0,AAPL,XNAS,2023-08-08T00:00:00+0000
182.13,183.13,177.36,178.85,97263524.0,183.13,177.35,178.85,182.13,97576069.0,1.0,0.0,AAPL,XNAS,2023-08-07T00:00:00+0000
185.52,187.38,181.92,181.99,115799700.0,187.38,181.92,181.99,185.52,115956841.0,1.0,0.0,AAPL,XNAS,2023-08-04T00:00:00+0000
191.57,192.37,190.69,191.17,61235200.0,192.37,190.69,191.17,191.57,62243282.0,1.0,0.0,AAPL,XNAS,2023-08-03T00:00:00+0000
195.04,195.18,191.85,192.58,50241600.0,195.18,191.8507,192.58,195.04,50389327.0,1.0,0.0,AAPL,XNAS,2023-08-02T00:00:00+0000
196.24,196.73,195.28,195.61,35175100.0,196.73,195.28,195.61,196.235,35281426.0,1.0,0.0,AAPL,XNAS,2023-08-01T00:00:00+0000
196.06,196.49,195.26,196.45,38778100.0,196.49,195.26,196.45,196.06,38824113.0,1.0,0.0,AAPL,XNAS,2023-07-31T00:00:00+0000
194.67,196.63,194.14,195.83,48254600.0,196.626,194.14,195.83,194.67,48291443.0,1.0,0.0,AAPL,XNAS,2023-07-28T00:00:00+0000
196.02,197.2,192.56,193.22,47352217.0,197.2,192.55,193.22,196.02,47460180.0,1.0,0.0,AAPL,XNAS,2023-07-27T00:00:00+0000
193.67,195.64,193.32,194.5,47402800.0,195.64,193.32,194.5,193.67,47471868.0,1.0,0.0,AAPL,XNAS,2023-07-26T00:00:00+0000
193.33,194.44,192.92,193.62,37184800.0,194.44,192.915,193.62,193.33,37283201.0,1.0,0.0,AAPL,XNAS,2023-07-25T00:00:00+0000
193.41,194.91,192.29,192.75,44776111.0,194.91,192.25,192.75,193.41,45505097.0,1.0,0.0,AAPL,XNAS,2023-07-24T00:00:00+0000
194.1,194.97,191.23,191.94,71917800.0,194.97,191.23,191.94,194.1,71951683.0,1.0,0.0,AAPL,XNAS,2023-07-21T00:00:00+0000
195.09,196.47,192.5,193.13,59415700.0,196.47,192.495,193.13,195.09,59581196.0,1.0,0.0,AAPL,XNAS,2023-07-20T00:00:00+0000
193.1,198.22,192.65,195.1,77149150.0,198.23,192.65,195.1,193.1,80507323.0,1.0,0.0,AAPL,XNAS,2023-07-19T00:00:00+0000
193.35,194.33,192.415,193.73,46631931.0,194.33,192.415,193.73,193.35,48353774.0,1.0,0.0,AAPL,XNAS,2023-07-18T00:00:00+0000
191.9,194.32,191.81,193.99,49798987.0,194.32,191.81,193.99,191.9,50520159.0,1.0,0.0,AAPL,XNAS,2023-07-17T00:00:00+0000
190.23,191.18,189.63,190.69,41573900.0,191.1799,189.63,190.69,190.23,41616242.0,1.0,0.0,AAPL,XNAS,2023-07-14T00:00:00+0000
190.5,191.19,189.78,190.54,38321242.0,191.19,189.78,190.54,190.5,41342338.0,1.0,0.0,AAPL,XNAS,2023-07-13T00:00:00+0000
189.68,191.7,188.47,189.77,55924932.0,191.7,188.47,189.77,189.68,60750248.0,1.0,0.0,AAPL,XNAS,2023-07-12T00:00:00+0000
189.16,189.28,186.6,188.08,46509718.0,189.3,186.6,188.08,189.16,46638119.0,1.0,0.0,AAPL,XNAS,2023-07-11T00:00:00+0000
189.26,189.99,187.035,188.61,59832710.0,189.99,187.035,188.61,189.26,59922163.0,1.0,0.0,AAPL,XNAS,2023-07-10T00:00:00+0000
191.41,192.67,190.24,190.68,46778000.0,192.67,190.24,190.68,191.41,46814998.0,1.0,0.0,AAPL,XNAS,2023-07-07T00:00:00+0000
189.84,192.018,189.21,191.81,44773779.0,192.02,189.2,191.81,189.84,45156009.0,1.0,0.0,AAPL,XNAS,2023-07-06T00:00:00+0000
191.565,192.98,190.62,191.33,46358709.0,192.98,190.62,191.33,191.565,46920261.0,1.0,0.0,AAPL,XNAS,2023-07-05T00:00:00+0000
193.78,193.88,191.76,192.46,31458198.0,193.88,191.76,192.46,193.78,31458198.0,1.0,0.0,AAPL,XNAS,2023-07-03T00:00:00+0000
191.63,194.48,191.26,193.97,85069600.0,194.48,191.26,193.97,191.63,85213216.0,1.0,0.0,AAPL,XNAS,2023-06-30T00:00:00+0000
189.08,190.07,188.94,189.59,45331827.0,190.07,188.94,189.59,189.08,46347308.0,1.0,0.0,AAPL,XNAS,2023-06-29T00:00:00+0000
187.93,189.9,187.6,189.25,48829939.0,189.9,187.6,189.25,187.93,51216801.0,1.0,0.0,AAPL,XNAS,2023-06-28T00:00:00+0000
185.89,188.3899,185.67,188.06,46982317.0,188.39,185.67,188.06,185.89,50730846.0,1.0,0.0,AAPL,XNAS,2023-06-27T00:00:00+0000
186.83,188.05,185.23,185.27,47977400.0,188.05,185.23,185.27,186.83,48088661.0,1.0,0.0,AAPL,XNAS,2023-06-26T00:00:00+0000
185.55,187.56,185.01,186.68,53079300.0,187.56,185.01,186.68,185.55,53116996.0,1.0,0.0,AAPL,XNAS,2023-06-23T00:00:00+0000
183.74,187.05,183.67,187.0,51245300.0,187.045,183.67,187.0,183.74,51245327.0,1.0,0.0,AAPL,XNAS,2023-06-22T00:00:00+0000
184.9,185.41,182.59,183.96,49515700.0,185.41,182.5901,183.96,184.9,49515697.0,1.0,0.0,AAPL,XNAS,2023-06-21T00:00:00+0000
184.41,186.1,184.41,185.01,49799100.0,186.1,184.41,185.01,184.41,49799092.0,1.0,0.0,AAPL,XNAS,2023-06-20T00:00:00+0000
186.73,186.99,184.27,184.92,101235600.0,186.99,184.27,184.92,186.73,101256225.0,1.0,0.0,AAPL,XNAS,2023-06-16T00:00:00+0000
183.96,186.52,183.78,186.01,65433200.0,186.52,183.78,186.01,183.96,65433166.0,1.0,0.0,AAPL,XNAS,2023-06-15T00:00:00+0000
183.37,184.39,182.02,183.95,57462879.0,184.39,182.02,183.95,183.37,57462882.0,1.0,0.0,AAPL,XNAS,2023-06-14T00:00:00+0000
182.8,184.15,182.44,183.31,54929129.0,184.15,182.44,183.31,182.8,54929129.0,1.0,0.0,AAPL,XNAS,2023-06-13T00:00:00+0000
181.27,183.89,180.97,183.79,54755000.0,183.89,180.97,183.79,181.27,54754995.0,1.0,0.0,AAPL,XNAS,2023-06-12T00:00:00+0000
181.5,182.23,180.63,180.96,48870700.0,182.23,180.63,180.96,181.5,48899973.0,1.0,0.0,AAPL,XNAS,2023-06-09T00:00:00+0000
177.9,180.84,177.46,180.57,50214900.0,180.84,177.46,180.57,177.895,50214881.0,1.0,0.0,AAPL,XNAS,2023-06-08T00:00:00+0000
178.44,181.21,177.32,177.82,61944600.0,181.21,177.32,177.82,178.44,61944615.0,1.0,0.0,AAPL,XNAS,2023-06-07T00:00:00+0000
179.97,180.12,177.43,179.21,64848400.0,180.12,177.43,179.21,179.965,64848374.0,1.0,0.0,AAPL,XNAS,2023-06-06T00:00:00+0000
182.63,184.95,178.04,179.58,121946500.0,184.951,178.035,179.58,182.63,121946497.0,1.0,0.0,AAPL,XNAS,2023-06-05T00:00:00+0000
181.03,181.78,179.26,180.95,61945900.0,181.78,179.26,180.95,181.03,61996913.0,1.0,0.0,AAPL,XNAS,2023-06-02T00:00:00+0000
177.7,180.12,176.93,180.09,68901800.0,180.12,176.9306,180.09,177.7,68901809.0,1.0,0.0,AAPL,XNAS,2023-06-01T00:00:00+0000
177.33,179.35,176.76,177.25,99625300.0,179.35,176.76,177.25,177.325,99313268.0,1.0,0.0,AAPL,XNAS,2023-05-31T00:00:00+0000
176.96,178.99,176.57,177.3,55964400.0,178.99,176.57,177.3,176.96,55964401.0,1.0,0.0,AAPL,XNAS,2023-05-30T00:00:00+0000
173.32,175.77,173.11,175.43,54794100.0,175.77,173.11,175.43,173.32,54834975.0,1.0,0.0,AAPL,XNAS,2023-05-26T00:00:00+0000
172.41,173.9,171.69,172.99,56058300.0,173.895,171.69,172.99,172.41,56058258.0,1.0,0.0,AAPL,XNAS,2023-05-25T00:00:00+0000
171.09,172.42,170.52,171.84,45143500.0,172.4183,170.52,171.84,171.09,45143488.0,1.0,0.0,AAPL,XNAS,2023-05-24T00:00:00+0000
173.13,173.38,171.28,171.56,50747300.0,173.3794,171.275,171.56,173.13,50747263.0,1.0,0.0,AAPL,XNAS,2023-05-23T00:00:00+0000
173.98,174.71,173.45,174.2,43570900.0,174.71,173.45,174.2,173.98,43570932.0,1.0,0.0,AAPL,XNAS,2023-05-22T00:00:00+0000
176.39,176.39,174.94,175.16,55772400.0,176.39,174.94,175.16,176.39,55809475.0,1.0,0.0,AAPL,XNAS,2023-05-19T00:00:00+0000
173.0,175.24,172.58,175.05,65496700.0,175.24,172.58,175.05,173.0,65496657.0,1.0,0.0,AAPL,XNAS,2023-05-18T00:00:00+0000
171.71,172.93,170.42,172.69,57951600.0,172.925,170.4201,172.69,171.71,57951604.0,1.0,0.0,AAPL,XNAS,2023-05-17T00:00:00+0000
171.99,173.14,171.8,172.07,42110300.0,173.1383,171.7991,172.07,171.99,42110293.0,1.0,0.0,AAPL,XNAS,2023-05-16T00:00:00+0000
173.16,173.21,171.47,172.07,37266700.0,173.21,171.47,172.07,173.16,37266659.0,1.0,0.0,AAPL,XNAS,2023-05-15T00:00:00+0000
173.62,174.06,171.0,172.57,45497800.0,174.06,171.0,172.57,173.62,45533138.0,1.0,0.24,AAPL,XNAS,2023-05-12T00:00:00+0000
173.85,174.59,172.17,173.75,49514700.0,174.3475279208,171.9308888375,173.51,173.6085556391,49514676.0,1.0,0.0,AAPL,XNAS,2023-05-11T00:00:00+0000
173.02,174.03,171.9,173.56,53724500.0,173.7883056536,171.6612638158,173.3203,172.7797083502,53724501.0,1.0,0.0,AAPL,XNAS,2023-05-10T00:00:00+0000
173.05,173.54,171.6,171.77,45326900.0,173.2989861698,171.3616804583,171.5327,172.809666686,45326874.0,1.0,0.0,AAPL,XNAS,2023-05-09T00:00:00+0000
172.48,173.85,172.11,173.5,55962800.0,173.6085556391,171.870972166,173.2603,172.2404583068,55962793.0,1.0,0.0,AAPL,XNAS,2023-05-08T00:00:00+0000
170.98,174.3,170.76,173.57,113316400.0,174.0579306753,170.5228470575,173.3302,170.7375484636,113453171.0,1.0,0.0,AAPL,XNAS,2023-05-05T00:00:00+0000
164.89,167.04,164.31,165.79,81235400.0,166.8080134251,164.0818048724,165.561,164.6609993635,81235427.0,1.0,0.0,AAPL,XNAS,2023-05-04T00:00:00+0000
169.5,170.92,167.16,167.45,65136000.0,170.6826248481,166.9278467681,167.2187,169.2645969562,65136018.0,1.0,0.0,AAPL,XNAS,2023-05-03T00:00:00+0000
170.09,170.35,167.54,168.54,48425700.0,170.113416469,167.3073190209,168.3072,169.8537775592,48425696.0,1.0,0.0,AAPL,XNAS,2023-05-02T00:00:00+0000
169.28,170.45,168.64,169.59,52472900.0,170.2132775881,168.4057913315,169.3557,169.0449024941,52472936.0,1.0,0.0,AAPL,XNAS,2023-05-01T00:00:00+0000
168.49,169.85,167.88,169.68,55209200.0,169.85,167.8801,169.68,168.49,55275851.0,1.0,0.0,AAPL,XNAS,2023-04-28T00:00:00+0000
165.19,168.56,165.19,168.41,64524702.0,168.56,165.19,168.41,165.19,64902329.0,1.0,0.0,AAPL,XNAS,2023-04-27T00:00:00+0000
163.06,165.28,162.8,163.76,45425700.0,165.28,162.8,163.76,163.055,44105745.0,1.0,0.0,AAPL,XNAS,2023-04-26T00:00:00+0000
165.19,166.3,163.73,163.77,48714063.0,166.305,163.73,163.77,165.19,48714063.0,1.0,0.0,AAPL,XNAS,2023-04-25T00:00:00+0000
165.05,165.6,163.9,165.33,41949581.0,165.6,163.89,165.33,165.0,41949581.0,1.0,0.0,AAPL,XNAS,2023-04-24T00:00:00+0000
165.05,166.45,164.49,165.02,58311900.0,166.4521,164.49,165.02,165.05,58337341.0,1.0,0.0,AAPL,XNAS,2023-04-21T00:00:00+0000
166.09,167.87,165.56,166.65,52456377.0,167.87,165.56,166.65,166.09,52456377.0,1.0,0.0,AAPL,XNAS,2023-04-20T00:00:00+0000
165.8,168.16,165.54,167.63,47720166.0,168.16,165.54,167.63,165.8,47720166.0,1.0,0.0,AAPL,XNAS,2023-04-19T00:00:00+0000
166.1,167.41,165.65,166.47,49923008.0,167.41,165.65,166.47,166.1,49923008.0,1.0,0.0,AAPL,XNAS,2023-04-18T00:00:00+0000
165.09,165.39,164.03,165.23,38730570.0,165.39,164.03,165.23,165.09,40713618.0,1.0,0.0,AAPL,XNAS,2023-04-17T00:00:00+0000
164.59,166.32,163.82,165.21,49337200.0,166.32,163.82,165.21,164.59,49386480.0,1.0,0.0,AAPL,XNAS,2023-04-14T00:00:00+0000
161.63,165.8,161.44,165.56,68445649.0,165.8,161.42,165.56,161.63,68445649.0,1.0,0.0,AAPL,XNAS,2023-04-13T00:00:00+0000
161.22,162.06,159.78,160.1,50133062.0,162.06,159.78,160.1,161.22,50133062.0,1.0,0.0,AAPL,XNAS,2023-04-12T00:00:00+0000
162.35,162.36,160.51,160.8,47507081.0,162.36,160.51,160.8,162.35,47644217.0,1.0,0.0,AAPL,XNAS,2023-04-11T00:00:00+0000
161.42,162.03,160.08,162.03,47716882.0,162.03,160.08,162.03,161.42,47716882.0,1.0,0.0,AAPL,XNAS,2023-04-10T00:00:00+0000
162.43,164.9584,162.0,164.66,45390123.0,164.9584,162.0,164.66,162.43,45390123.0,1.0,0.0,AAPL,XNAS,2023-04-06T00:00:00+0000
164.74,165.05,161.8,163.76,50263014.0,165.05,161.8,163.76,164.74,51511744.0,1.0,0.0,AAPL,XNAS,2023-04-05T00:00:00+0000
166.595,166.83,165.11,165.63,46278295.0,166.84,165.11,165.63,166.595,46278295.0,1.0,0.0,AAPL,XNAS,2023-04-04T00:00:00+0000
164.27,166.29,164.27,166.17,54888988.0,166.29,164.22,166.17,164.27,56976187.0,1.0,0.0,AAPL,XNAS,2023-04-03T00:00:00+0000
162.44,165.0,161.91,164.9,68694700.0,165.0,161.91,164.9,162.44,68749792.0,1.0,0.0,AAPL,XNAS,2023-03-31T00:00:00+0000
161.53,162.47,161.271,162.36,44935963.0,162.47,161.271,162.36,161.53,49501689.0,1.0,0.0,AAPL,XNAS,2023-03-30T00:00:00+0000
159.37,161.04,159.35,160.77,48914471.0,161.05,159.35,160.77,159.37,51305691.0,1.0,0.0,AAPL,XNAS,2023-03-29T00:00:00+0000
157.97,158.1277,155.98,157.65,45992152.0,158.49,155.98,157.65,157.97,45992152.0,1.0,0.0,AAPL,XNAS,2023-03-28T00:00:00+0000
159.94,160.77,157.87,158.28,52264369.0,160.77,157.87,158.28,159.94,52390266.0,1.0,0.0,AAPL,XNAS,2023-03-27T00:00:00+0000
158.86,160.34,157.85,160.25,59196500.0,160.34,157.85,160.25,158.86,59256343.0,1.0,0.0,AAPL,XNAS,2023-03-24T00:00:00+0000
158.83,161.55,157.68,158.93,67330105.0,161.5501,157.68,158.93,158.83,67622060.0,1.0,0.0,AAPL,XNAS,2023-03-23T00:00:00+0000
159.3,162.14,157.81,157.83,69099334.0,162.14,157.81,157.83,159.3,75701811.0,1.0,0.0,AAPL,XNAS,2023-03-22T00:00:00+0000
157.32,159.4,156.54,159.28,73868900.0,159.4,156.54,159.28,157.32,73938285.0,1.0,0.0,AAPL,XNAS,2023-03-21T00:00:00+0000
155.07,157.81,154.15,157.4,73641415.0,157.82,154.15,157.4,155.07,73641415.0,1.0,0.0,AAPL,XNAS,2023-03-20T00:00:00+0000
156.08,156.74,154.28,155.0,98862500.0,156.74,154.28,155.0,156.08,98944633.0,1.0,0.0,AAPL,XNAS,2023-03-17T00:00:00+0000
152.16,156.42,151.64,155.85,76254419.0,156.46,151.64,155.85,152.16,76254419.0,1.0,0.0,AAPL,XNAS,2023-03-16T00:00:00+0000
151.19,153.245,149.92,152.99,77167866.0,153.245,149.92,152.99,151.19,77167866.0,1.0,0.0,AAPL,XNAS,2023-03-15T00:00:00+0000
151.28,153.4,150.1,152.59,73628400.0,153.4,150.1,152.59,151.28,73695893.0,1.0,0.0,AAPL,XNAS,2023-03-14T00:00:00+0000
147.805,153.14,147.7,150.47,84457122.0,153.14,147.7,150.47,147.805,84457122.0,1.0,0.0,AAPL,XNAS,2023-03-13T00:00:00+0000
150.21,150.94,147.61,148.5,68524400.0,150.94,147.6096,148.5,150.21,68572400.0,1.0,0.0,AAPL,XNAS,2023-03-10T00:00:00+0000
153.559,154.5312,150.225,150.59,53833582.0,154.535,150.225,150.59,153.559,53833582.0,1.0,0.0,AAPL,XNAS,2023-03-09T00:00:00+0000
152.81,153.47,151.83,152.87,47129000.0,153.47,151.83,152.87,152.81,47204791.0,1.0,0.0,AAPL,XNAS,2023-03-08T00:00:00+0000
153.7,154.0299,151.13,151.6,56097579.0,154.0299,151.13,151.6,153.7,56182028.0,1.0,0.0,AAPL,XNAS,2023-03-07T00:00:00+0000
153.785,156.295,153.46,153.83,85084876.0,156.3,153.46,153.83,153.785,87558028.0,1.0,0.0,AAPL,XNAS,2023-03-06T00:00:00+0000
148.04,151.11,147.33,151.03,70668500.0,151.11,147.33,151.03,148.045,70732297.0,1.0,0.0,AAPL,XNAS,2023-03-03T00:00:00+0000
144.38,146.71,143.9,145.91,52279761.0,146.71,143.9,145.91,144.38,52279761.0,1.0,0.0,AAPL,XNAS,2023-03-02T00:00:00+0000
146.83,147.2285,145.01,145.31,55478991.0,147.2285,145.01,145.31,146.83,55478991.0,1.0,0.0,AAPL,XNAS,2023-03-01T00:00:00+0000
147.05,149.075,146.87,147.41,50145937.0,149.08,146.83,147.41,147.05,50546998.0,1.0,0.0,AAPL,XNAS,2023-02-28T00:00:00+0000
147.71,149.17,147.45,147.92,44950000.0,149.17,147.45,147.92,147.71,44998470.0,1.0,0.0,AAPL,XNAS,2023-02-27T00:00:00+0000
147.11,147.19,145.72,146.71,55418200.0,147.19,145.7202,146.71,147.11,55469606.0,1.0,0.0,AAPL,XNAS,2023-02-24T00:00:00+0000
150.09,150.34,147.24,149.4,48349600.0,150.34,147.24,149.4,150.09,48394249.0,1.0,0.0,AAPL,XNAS,2023-02-23T00:00:00+0000
148.87,149.95,147.16,148.91,50939700.0,149.95,147.16,148.91,148.87,51011305.0,1.0,0.0,AAPL,XNAS,2023-02-22T00:00:00+0000
150.2,151.3,148.41,148.48,58772400.0,151.3,148.405,148.48,150.2,58867230.0,1.0,0.0,AAPL,XNAS,2023-02-21T00:00:00+0000
152.35,153.0,150.85,152.55,59144118.0,153.0,150.85,152.55,152.35,59144118.0,1.0,0.0,AAPL,XNAS,2023-02-17T00:00:00+0000
153.51,156.33,153.35,153.71,68031000.0,156.33,153.3475,153.71,153.51,68167942.0,1.0,0.0,AAPL,XNAS,2023-02-16T00:00:00+0000
153.11,155.5,152.88,155.33,65573800.0,155.5,152.88,155.33,153.11,65669252.0,1.0,0.0,AAPL,XNAS,2023-02-15T00:00:00+0000
152.12,153.77,150.87,153.2,61707573.0,153.77,150.86,153.2,152.12,61707573.0,1.0,0.0,AAPL,XNAS,2023-02-14T00:00:00+0000
150.952,154.26,150.92,153.85,62199013.0,154.26,150.92,153.85,150.952,62199013.0,1.0,0.0,AAPL,XNAS,2023-02-13T00:00:00+0000
149.46,151.34,149.22,151.01,57409100.0,151.3401,149.22,151.01,149.46,57450708.0,1.0,0.23,AAPL,XNAS,2023-02-10T00:00:00+0000
153.78,154.33,150.42,150.87,55921800.0,154.33,150.42,150.64,153.775,56007143.0,1.0,0.0,AAPL,XNAS,2023-02-09T00:00:00+0000
153.88,154.58,151.17,151.92,64038100.0,154.58,151.168,151.92,153.88,64120079.0,1.0,0.0,AAPL,XNAS,2023-02-08T00:00:00+0000
150.64,155.23,150.64,154.65,83206400.0,155.23,150.64,154.65,150.64,83322551.0,1.0,0.0,AAPL,XNAS,2023-02-07T00:00:00+0000
152.57,153.1,150.78,151.73,69769900.0,153.1,150.78,151.73,152.575,69858306.0,1.0,0.0,AAPL,XNAS,2023-02-06T00:00:00+0000
148.03,157.38,147.83,154.5,154279900.0,157.38,147.83,154.5,148.03,154357337.0,1.0,0.0,AAPL,XNAS,2023-02-03T00:00:00+0000
148.9,151.18,148.17,150.82,116868600.0,151.18,148.17,150.82,148.9,118338980.0,1.0,0.0,AAPL,XNAS,2023-02-02T00:00:00+0000
143.97,146.61,141.32,145.43,77310900.0,146.61,141.32,145.43,143.97,77663633.0,1.0,0.0,AAPL,XNAS,2023-02-01T00:00:00+0000
142.7,144.34,142.28,144.29,60339047.0,144.34,142.28,144.29,142.7,65874459.0,1.0,0.0,AAPL,XNAS,2023-01-31T00:00:00+0000
144.96,145.55,142.85,143.0,63947600.0,145.55,142.85,143.0,144.955,64015274.0,1.0,0.0,AAPL,XNAS,2023-01-30T00:00:00+0000
143.16,147.23,143.08,145.93,70492800.0,147.23,143.08,145.93,143.155,70555843.0,1.0,0.0,AAPL,XNAS,2023-01-27T00:00:00+0000
143.17,144.25,141.9,143.96,54003800.0,144.25,141.9,143.96,143.17,54105068.0,1.0,0.0,AAPL,XNAS,2023-01-26T00:00:00+0000
140.89,142.43,138.81,141.86,65652500.0,142.43,138.81,141.86,140.89,65799349.0,1.0,0.0,AAPL,XNAS,2023-01-25T00:00:00+0000
140.31,143.16,140.3,142.53,66081800.0,143.16,140.3,142.53,140.305,66435142.0,1.0,0.0,AAPL,XNAS,2023-01-24T00:00:00+0000
138.12,143.32,137.9,141.11,81698400.0,143.315,137.9,141.11,138.12,81760313.0,1.0,0.0,AAPL,XNAS,2023-01-23T00:00:00+0000
135.28,138.02,134.22,137.87,79972200.0,138.02,134.22,137.87,135.28,80223626.0,1.0,0.0,AAPL,XNAS,2023-01-20T00:00:00+0000
134.08,136.25,133.77,135.27,58169700.0,136.25,133.77,135.27,134.08,58280413.0,1.0,0.0,AAPL,XNAS,2023-01-19T00:00:00+0000
136.82,138.61,135.03,135.21,69567000.0,138.61,135.03,135.21,136.815,69672800.0,1.0,0.0,AAPL,XNAS,2023-01-18T00:00:00+0000
134.83,137.29,134.13,135.94,63502900.0,137.29,134.13,135.94,134.83,63646627.0,1.0,0.0,AAPL,XNAS,2023-01-17T00:00:00+0000
132.03,134.92,131.66,134.76,57809719.0,134.92,131.66,134.76,132.03,57809719.0,1.0,0.0,AAPL,XNAS,2023-01-13T00:00:00+0000
133.88,134.26,131.44,133.41,71326100.0,134.26,131.44,133.41,133.88,71379648.0,1.0,0.0,AAPL,XNAS,2023-01-12T00:00:00+0000
131.25,133.51,130.46,133.49,69359700.0,133.51,130.46,133.49,131.25,69458949.0,1.0,0.0,AAPL,XNAS,2023-01-11T00:00:00+0000
130.26,131.26,128.12,130.73,63803400.0,131.2636,128.12,130.73,130.26,63896155.0,1.0,0.0,AAPL,XNAS,2023-01-10T00:00:00+0000
130.47,133.41,129.89,130.15,70675200.0,133.41,129.89,130.15,130.465,70790813.0,1.0,0.0,AAPL,XNAS,2023-01-09T00:00:00+0000
126.01,130.29,124.89,129.62,87686600.0,130.29,124.89,129.62,126.01,87754715.0,1.0,0.0,AAPL,XNAS,2023-01-06T00:00:00+0000
127.13,127.77,124.76,125.02,80829600.0,127.77,124.76,125.02,127.13,80962708.0,1.0,0.0,AAPL,XNAS,2023-01-05T00:00:00+0000
126.89,128.66,125.08,126.36,88886500.0,128.6557,125.08,126.36,126.89,89113633.0,1.0,0.0,AAPL,XNAS,2023-01-04T00:00:00+0000
130.28,130.9,124.17,125.07,111975500.0,130.9,124.17,125.07,130.28,112117471.0,1.0,0.0,AAPL,XNAS,2023-01-03T00:00:00+0000
128.41,129.95,127.43,129.93,77034209.0,129.95,127.43,129.93,128.41,77034209.0,1.0,0.0,AAPL,XNAS,2022-12-30T00:00:00+0000
127.99,130.48,127.73,129.61,75624700.0,130.4814,127.73,129.61,127.99,75703710.0,1.0,0.0,AAPL,XNAS,2022-12-29T00:00:00+0000
129.67,131.03,125.87,126.04,85323900.0,131.0275,125.87,126.04,129.67,85438391.0,1.0,0.0,AAPL,XNAS,2022-12-28T00:00:00+0000
131.38,131.41,128.72,130.03,68927300.0,131.41,128.72,130.03,131.38,69007830.0,1.0,0.0,AAPL,XNAS,2022-12-27T00:00:00+0000
130.92,132.415,129.64,131.86,63814893.0,132.415,129.64,131.86,130.92,63814893.0,1.0,0.17,AAPL,XNAS,2022-12-23T00:00:00+0000
134.352,134.56,130.3,132.23,77852108.0,134.56,130.3,132.23,134.352,77852108.0,1.0,0.0,AAPL,XNAS,2022-12-22T00:00:00+0000
132.98,136.81,132.75,135.45,85927993.0,136.81,132.75,135.45,132.98,85927993.0,1.0,0.0,AAPL,XNAS,2022-12-21T00:00:00+0000
131.39,133.25,129.89,132.3,77432819.0,133.25,129.89,132.3,131.39,77432819.0,1.0,0.0,AAPL,XNAS,2022-12-20T00:00:00+0000
135.11,135.2,131.32,132.37,79592614.0,135.2,131.32,132.37,135.11,79592614.0,1.0,0.0,AAPL,XNAS,2022-12-19T00:00:00+0000
136.69,137.65,133.73,134.51,160080100.0,137.65,133.73,134.51,136.685,160156900.0,1.0,0.0,AAPL,XNAS,2022-12-16T00:00:00+0000
141.11,141.8,136.025,136.5,98931907.0,141.8,136.025,136.5,141.11,98931907.0,1.0,0.0,AAPL,XNAS,2022-12-15T00:00:00+0000
145.35,146.655,141.16,143.21,82291182.0,146.655,141.16,143.21,145.35,82291182.0,1.0,0.0,AAPL,XNAS,2022-12-14T00:00:00+0000
149.5,149.9692,144.24,145.47,93886161.0,149.9692,144.24,145.47,149.5,93886161.0,1.0,0.0,AAPL,XNAS,2022-12-13T00:00:00+0000
142.7,144.5,141.06,144.49,70462654.0,144.5,141.06,144.49,142.7,70462654.0,1.0,0.0,AAPL,XNAS,2022-12-12T00:00:00+0000
142.34,145.57,140.9,142.16,76069500.0,145.57,140.9,142.16,142.34,76097011.0,1.0,0.0,AAPL,XNAS,2022-12-09T00:00:00+0000
142.36,143.52,141.1,142.65,62128338.0,143.52,141.1,142.65,142.36,62128338.0,1.0,0.0,AAPL,XNAS,2022-12-08T00:00:00+0000
142.19,143.37,140.0,140.94,69721094.0,143.37,140.0,140.94,142.19,69721094.0,1.0,0.0,AAPL,XNAS,2022-12-07T00:00:00+0000
147.075,147.3,141.92,142.91,64727186.0,147.3,141.92,142.91,147.075,64727186.0,1.0,0.0,AAPL,XNAS,2022-12-06T00:00:00+0000
147.77,150.9199,145.77,146.63,68826442.0,150.9199,145.77,146.63,147.77,68826442.0,1.0,0.0,AAPL,XNAS,2022-12-05T00:00:00+0000
145.96,148.0,145.65,147.81,65421400.0,148.0,145.65,147.81,145.96,65447446.0,1.0,0.0,AAPL,XNAS,2022-12-02T00:00:00+0000
148.21,149.13,146.61,148.31,71250414.0,149.13,146.61,148.31,148.21,71250416.0,1.0,0.0,AAPL,XNAS,2022-12-01T00:00:00+0000
141.395,148.72,140.55,148.03,111380898.0,148.72,140.55,148.03,141.395,111380880.0,1.0,0.0,AAPL,XNAS,2022-11-30T00:00:00+0000
144.29,144.81,140.355,141.17,83763797.0,144.81,140.355,141.17,144.29,83763803.0,1.0,0.0,AAPL,XNAS,2022-11-29T00:00:00+0000
145.14,146.64,143.38,144.22,69346523.0,146.64,143.38,144.22,145.14,69346522.0,1.0,0.0,AAPL,XNAS,2022-11-28T00:00:00+0000
148.31,148.88,147.12,148.11,35195900.0,148.88,147.12,148.11,148.305,35195860.0,1.0,0.0,AAPL,XNAS,2022-11-25T00:00:00+0000
149.45,151.83,149.34,151.07,58301395.0,151.83,149.34,151.07,149.45,58301395.0,1.0,0.0,AAPL,XNAS,2022-11-23T00:00:00+0000
148.13,150.42,146.925,150.18,51804132.0,150.42,146.925,150.18,148.13,51804132.0,1.0,0.0,AAPL,XNAS,2022-11-22T00:00:00+0000
150.16,150.37,147.715,148.01,58724070.0,150.37,147.715,148.01,150.16,58724070.0,1.0,0.0,AAPL,XNAS,2022-11-21T00:00:00+0000
152.31,152.7,149.97,151.29,74794600.0,152.7,149.97,151.29,152.305,74829573.0,1.0,0.0,AAPL,XNAS,2022-11-18T00:00:00+0000
146.43,151.48,146.15,150.72,80389400.0,151.48,146.15,150.72,146.43,80389400.0,1.0,0.0,AAPL,XNAS,2022-11-17T00:00:00+0000
149.13,149.87,147.29,148.79,64218273.0,149.87,147.29,148.79,149.13,64218266.0,1.0,0.0,AAPL,XNAS,2022-11-16T00:00:00+0000
152.215,153.59,148.5613,150.04,89868328.0,153.59,148.5613,150.04,152.215,89868332.0,1.0,0.0,AAPL,XNAS,2022-11-15T00:00:00+0000
148.97,150.28,147.43,148.28,73374114.0,150.28,147.43,148.28,148.97,73374114.0,1.0,0.0,AAPL,XNAS,2022-11-14T00:00:00+0000
145.82,150.01,144.37,149.7,93903800.0,150.01,144.37,149.7,145.82,93979665.0,1.0,0.0,AAPL,XNAS,2022-11-11T00:00:00+0000
141.24,146.87,139.5,146.87,118854028.0,146.87,139.5,146.87,141.24,118854028.0,1.0,0.0,AAPL,XNAS,2022-11-10T00:00:00+0000
138.5,138.55,134.5933,134.87,74917794.0,138.55,134.5933,134.87,138.5,74917794.0,1.0,0.0,AAPL,XNAS,2022-11-09T00:00:00+0000
140.41,141.43,137.49,139.5,89908477.0,141.43,137.49,139.5,140.41,89908477.0,1.0,0.0,AAPL,XNAS,2022-11-08T00:00:00+0000
137.11,139.145,135.671,138.92,83374628.0,139.145,135.671,138.92,137.11,83374628.0,1.0,0.0,AAPL,XNAS,2022-11-07T00:00:00+0000
142.09,142.67,134.38,138.38,140716700.0,142.67,134.38,138.38,142.09,140814796.0,1.0,0.23,AAPL,XNAS,2022-11-04T00:00:00+0000
142.06,142.8,138.75,138.88,97572100.0,142.8,138.75,138.65,142.06,97918516.0,1.0,0.0,AAPL,XNAS,2022-11-03T00:00:00+0000
148.95,152.17,145.0,145.03,93436100.0,152.17,145.0,145.03,148.945,93604623.0,1.0,0.0,AAPL,XNAS,2022-11-02T00:00:00+0000
155.08,155.45,149.13,150.65,80321400.0,155.45,149.13,150.65,155.08,80379345.0,1.0,0.0,AAPL,XNAS,2022-11-01T00:00:00+0000
153.16,154.24,151.92,153.34,97848900.0,154.24,151.92,153.34,153.155,97943171.0,1.0,0.0,AAPL,XNAS,2022-10-31T00:00:00+0000
148.2,157.5,147.82,155.74,164659100.0,157.5,147.82,155.74,148.2,164762371.0,1.0,0.0,AAPL,XNAS,2022-10-28T00:00:00+0000
148.07,149.05,144.13,144.8,108284100.0,149.046,144.13,144.8,148.07,109180150.0,1.0,0.0,AAPL,XNAS,2022-10-27T00:00:00+0000
150.96,151.99,148.04,149.35,88194300.0,151.99,148.04,149.35,150.96,88436172.0,1.0,0.0,AAPL,XNAS,2022-10-26T00:00:00+0000
150.09,152.49,149.36,152.34,74373600.0,152.49,149.36,152.34,150.09,74732290.0,1.0,0.0,AAPL,XNAS,2022-10-25T00:00:00+0000
147.19,150.23,146.0,149.45,75904300.0,150.23,146.0,149.45,147.185,75981918.0,1.0,0.0,AAPL,XNAS,2022-10-24T00:00:00+0000
142.87,147.85,142.65,147.27,86464700.0,147.8479,142.649,147.27,142.87,86548609.0,1.0,0.0,AAPL,XNAS,2022-10-21T00:00:00+0000
143.02,145.89,142.65,143.39,64406600.0,145.89,142.65,143.39,143.02,64521989.0,1.0,0.0,AAPL,XNAS,2022-10-20T00:00:00+0000
141.69,144.95,141.5,143.86,61655900.0,144.9492,141.5,143.86,141.69,61758340.0,1.0,0.0,AAPL,XNAS,2022-10-19T00:00:00+0000
145.49,146.7,140.61,143.75,98961900.0,146.7,140.61,143.75,145.49,99136610.0,1.0,0.0,AAPL,XNAS,2022-10-18T00:00:00+0000
141.07,142.9,140.27,142.41,85073900.0,,,142.41,,,1.0,0.0,AAPL,XNAS,2022-10-17T00:00:00+0000
144.31,144.52,138.19,138.38,88512300.0,,,138.38,,,1.0,0.0,AAPL,XNAS,2022-10-14T00:00:00+0000
134.99,143.59,134.37,142.99,113120700.0,,,142.99,,,1.0,0.0,AAPL,XNAS,2022-10-13T00:00:00+0000
139.13,140.36,138.16,138.34,70374100.0,,,138.34,,,1.0,0.0,AAPL,XNAS,2022-10-12T00:00:00+0000
139.9,141.35,138.22,138.98,76969200.0,,,138.98,,,1.0,0.0,AAPL,XNAS,2022-10-11T00:00:00+0000
140.42,141.89,138.57,140.42,74827900.0,,,140.42,,,1.0,0.0,AAPL,XNAS,2022-10-10T00:00:00+0000
142.54,143.1,139.45,140.09,85859100.0,,,140.09,,,1.0,0.0,AAPL,XNAS,2022-10-07T00:00:00+0000
145.81,147.54,145.22,145.43,68285900.0,,,145.43,,,1.0,0.0,AAPL,XNAS,2022-10-06T00:00:00+0000
144.07,147.38,143.01,146.4,79326600.0,,,146.4,,,1.0,0.0,AAPL,XNAS,2022-10-05T00:00:00+0000
145.03,146.22,144.26,146.1,87697800.0,,,146.1,,,1.0,0.0,AAPL,XNAS,2022-10-04T00:00:00+0000
138.21,143.07,137.69,142.45,114169700.0,,,142.45,,,1.0,0.0,AAPL,XNAS,2022-10-03T00:00:00+0000
141.28,143.1,138.0,138.2,124705400.0,,,138.2,,,1.0,0.0,AAPL,XNAS,2022-09-30T00:00:00+0000
146.1,146.72,140.68,142.48,127977800.0,,,142.48,,,1.0,0.0,AAPL,XNAS,2022-09-29T00:00:00+0000
147.64,150.64,144.84,149.84,146514500.0,,,149.84,,,1.0,0.0,AAPL,XNAS,2022-09-28T00:00:00+0000
152.74,154.72,149.95,151.76,84319100.0,,,151.76,,,1.0,0.0,AAPL,XNAS,2022-09-27T00:00:00+0000
149.66,153.77,149.64,150.77,93235300.0,,,150.77,,,1.0,0.0,AAPL,XNAS,2022-09-26T00:00:00+0000
151.19,151.47,148.56,150.43,95939200.0,,,150.43,,,1.0,0.0,AAPL,XNAS,2022-09-23T00:00:00+0000
152.38,154.47,150.91,152.74,86580200.0,,,152.74,,,1.0,0.0,AAPL,XNAS,2022-09-22T00:00:00+0000
157.34,158.74,153.6,153.72,101407100.0,,,153.72,,,1.0,0.0,AAPL,XNAS,2022-09-21T00:00:00+0000
153.4,158.08,153.08,156.9,107547900.0,,,156.9,,,1.0,0.0,AAPL,XNAS,2022-09-20T00:00:00+0000
149.31,154.56,149.1,154.48,81328800.0,,,154.48,,,1.0,0.0,AAPL,XNAS,2022-09-19T00:00:00+0000
151.21,151.35,148.37,150.7,162157000.0,,,150.7,,,1.0,0.0,AAPL,XNAS,2022-09-16T00:00:00+0000
154.65,155.24,151.38,152.37,90263300.0,,,152.37,,,1.0,0.0,AAPL,XNAS,2022-09-15T00:00:00+0000
154.79,157.1,153.61,155.31,87850600.0,,,155.31,,,1.0,0.0,AAPL,XNAS,2022-09-14T00:00:00+0000
159.9,160.54,153.37,153.84,122493100.0,,,153.84,,,1.0,0.0,AAPL,XNAS,2022-09-13T00:00:00+0000
159.59,164.26,159.3,163.43,104806600.0,,,163.43,,,1.0,0.0,AAPL,XNAS,2022-09-12T00:00:00+0000
155.47,157.82,154.75,157.37,68028800.0,,,157.37,,,1.0,0.0,AAPL,XNAS,2022-09-09T00:00:00+0000
154.64,156.36,152.68,154.46,84809500.0,,,154.46,,,1.0,0.0,AAPL,XNAS,2022-09-08T00:00:00+0000
154.82,156.67,153.61,155.96,87342200.0,,,155.96,,,1.0,0.0,AAPL,XNAS,2022-09-07T00:00:00+0000
156.47,157.09,153.69,154.53,73714844.0,,,154.53,,,1.0,0.0,AAPL,XNAS,2022-09-06T00:00:00+0000
159.75,160.36,154.97,155.81,76905200.0,,,155.81,,,1.0,0.0,AAPL,XNAS,2022-09-02T00:00:00+0000
156.64,158.42,154.67,157.96,74117400.0,,,157.96,,,1.0,0.0,AAPL,XNAS,2022-09-01T00:00:00+0000
160.31,160.58,157.14,157.22,87700100.0,,,157.22,,,1.0,0.0,AAPL,XNAS,2022-08-31T00:00:00+0000
162.13,162.56,157.72,158.91,77398800.0,,,158.91,,,1.0,0.0,AAPL,XNAS,2022-08-30T00:00:00+0000
161.15,162.9,159.82,161.38,73227700.0,,,161.38,,,1.0,0.0,AAPL,XNAS,2022-08-29T00:00:00+0000
170.57,171.05,163.56,163.62,78823500.0,,,163.62,,,1.0,0.0,AAPL,XNAS,2022-08-26T00:00:00+0000
168.78,170.14,168.35,170.03,51156300.0,,,170.03,,,1.0,0.0,AAPL,XNAS,2022-08-25T00:00:00+0000
167.32,168.11,166.25,167.53,53766800.0,,,167.53,,,1.0,0.0,AAPL,XNAS,2022-08-24T00:00:00+0000
167.08,168.71,166.65,167.23,54091400.0,,,167.23,,,1.0,0.0,AAPL,XNAS,2022-08-23T00:00:00+0000
169.69,169.86,167.14,167.57,68952600.0,,,167.57,,,1.0,0.0,AAPL,XNAS,2022-08-22T00:00:00+0000
173.03,173.74,171.31,171.52,70211500.0,,,171.52,,,1.0,0.0,AAPL,XNAS,2022-08-19T00:00:00+0000
173.75,174.9,173.12,174.15,62214200.0,,,174.15,,,1.0,0.0,AAPL,XNAS,2022-08-18T00:00:00+0000
172.77,176.15,172.57,174.55,79302100.0,,,174.55,,,1.0,0.0,AAPL,XNAS,2022-08-17T00:00:00+0000
172.78,173.71,171.66,173.03,56180100.0,,,173.03,,,1.0,0.0,AAPL,XNAS,2022-08-16T00:00:00+0000
171.52,173.39,171.35,173.19,54023100.0,,,173.19,,,1.0,0.0,AAPL,XNAS,2022-08-15T00:00:00+0000
169.82,172.17,169.4,172.1,67946400.0,,,172.1,,,1.0,0.0,AAPL,XNAS,2022-08-12T00:00:00+0000
170.06,170.99,168.19,168.49,57087300.0,,,168.49,,,1.0,0.0,AAPL,XNAS,2022-08-11T00:00:00+0000
167.68,169.34,166.9,169.24,70076000.0,,,169.24,,,1.0,0.0,AAPL,XNAS,2022-08-10T00:00:00+0000
164.02,165.82,163.25,164.92,63086000.0,,,164.92,,,1.0,0.0,AAPL,XNAS,2022-08-09T00:00:00+0000
166.37,167.81,164.2,164.87,60276900.0,,,164.87,,,1.0,0.0,AAPL,XNAS,2022-08-08T00:00:00+0000
163.21,165.85,163.0,165.35,56646600.0,,,165.35,,,1.0,0.0,AAPL,XNAS,2022-08-05T00:00:00+0000
166.01,167.19,164.43,165.81,55409400.0,,,165.58,,,1.0,0.0,AAPL,XNAS,2022-08-04T00:00:00+0000
160.84,166.59,160.75,166.13,82436600.0,,,166.13,,,1.0,0.0,AAPL,XNAS,2022-08-03T00:00:00+0000
160.1,162.41,159.63,160.01,59824800.0,,,160.01,,,1.0,0.0,AAPL,XNAS,2022-08-02T00:00:00+0000
161.01,163.59,160.89,161.51,67774800.0,,,161.51,,,1.0,0.0,AAPL,XNAS,2022-08-01T00:00:00+0000
161.24,163.63,159.5,162.51,101689200.0,,,162.51,,,1.0,0.0,AAPL,XNAS,2022-07-29T00:00:00+0000
156.98,157.64,154.41,157.35,80659400.0,,,157.35,,,1.0,0.0,AAPL,XNAS,2022-07-28T00:00:00+0000
152.58,157.33,152.16,156.79,78461200.0,,,156.79,,,1.0,0.0,AAPL,XNAS,2022-07-27T00:00:00+0000
152.26,153.09,150.8,151.6,54822900.0,,,151.6,,,1.0,0.0,AAPL,XNAS,2022-07-26T00:00:00+0000
154.01,155.04,152.28,152.95,53515000.0,,,152.95,,,1.0,0.0,AAPL,XNAS,2022-07-25T00:00:00+0000
155.39,156.28,153.41,154.09,66625400.0,,,154.09,,,1.0,0.0,AAPL,XNAS,2022-07-22T00:00:00+0000
154.5,155.57,151.94,155.35,64953600.0,,,155.35,,,1.0,0.0,AAPL,XNAS,2022-07-21T00:00:00+0000
151.12,153.72,150.37,153.04,64759500.0,,,153.04,,,1.0,0.0,AAPL,XNAS,2022-07-20T00:00:00+0000
147.92,151.23,146.91,151.0,82982367.0,,,151.0,,,1.0,0.0,AAPL,XNAS,2022-07-19T00:00:00+0000
150.74,151.57,146.7,147.07,81264900.0,,,147.07,,,1.0,0.0,AAPL,XNAS,2022-07-18T00:00:00+0000
149.78,150.86,148.2,150.17,76030800.0,,,150.17,,,1.0,0.0,AAPL,XNAS,2022-07-15T00:00:00+0000
144.08,148.95,143.25,148.47,77996900.0,,,148.47,,,1.0,0.0,AAPL,XNAS,2022-07-14T00:00:00+0000
142.99,146.45,142.1201,145.49,69119712.0,,,145.49,,,1.0,0.0,AAPL,XNAS,2022-07-13T00:00:00+0000
145.76,148.45,145.05,145.86,77523400.0,,,145.86,,,1.0,0.0,AAPL,XNAS,2022-07-12T00:00:00+0000
145.67,146.64,143.78,144.87,63305113.0,,,144.87,,,1.0,0.0,AAPL,XNAS,2022-07-11T00:00:00+0000
145.26,147.55,145.0,147.04,64493200.0,,,147.04,,,1.0,0.0,AAPL,XNAS,2022-07-08T00:00:00+0000
143.29,146.55,143.28,146.35,66189900.0,,,146.35,,,1.0,0.0,AAPL,XNAS,2022-07-07T00:00:00+0000
141.35,144.12,141.08,142.92,73972200.0,,,142.92,,,1.0,0.0,AAPL,XNAS,2022-07-06T00:00:00+0000
137.77,141.61,136.935,141.56,73429641.0,,,141.56,,,1.0,0.0,AAPL,XNAS,2022-07-05T00:00:00+0000
136.04,139.04,135.66,138.93,71007500.0,,,138.93,,,1.0,0.0,AAPL,XNAS,2022-07-01T00:00:00+0000
137.25,138.37,133.77,136.72,98867400.0,,,136.72,,,1.0,0.0,AAPL,XNAS,2022-06-30T00:00:00+0000
137.46,140.67,136.67,139.23,66242411.0,,,139.23,,,1.0,0.0,AAPL,XNAS,2022-06-29T00:00:00+0000
142.13,143.42,137.32,137.44,67083400.0,,,137.44,,,1.0,0.0,AAPL,XNAS,2022-06-28T00:00:00+0000
142.7,143.49,140.97,141.66,70149200.0,,,141.66,,,1.0,0.0,AAPL,XNAS,2022-06-27T00:00:00+0000
139.9,141.91,139.77,141.66,89116837.0,,,141.66,,,1.0,0.0,AAPL,XNAS,2022-06-24T00:00:00+0000
136.82,138.59,135.63,138.27,72330300.0,,,138.27,,,1.0,0.0,AAPL,XNAS,2022-06-23T00:00:00+0000
134.79,137.755,133.91,135.35,73165480.0,,,135.35,,,1.0,0.0,AAPL,XNAS,2022-06-22T00:00:00+0000
133.42,137.06,133.32,135.87,80785400.0,,,135.87,,,1.0,0.0,AAPL,XNAS,2022-06-21T00:00:00+0000
130.07,133.08,129.81,131.56,134118500.0,,,131.56,,,1.0,0.0,AAPL,XNAS,2022-06-17T00:00:00+0000
132.08,132.39,129.07,130.06,107961508.0,,,130.06,,,1.0,0.0,AAPL,XNAS,2022-06-16T00:00:00+0000
134.29,137.34,132.16,135.43,91352700.0,,,135.43,,,1.0,0.0,AAPL,XNAS,2022-06-15T00:00:00+0000
133.13,133.89,131.48,132.76,84545000.0,,,132.76,,,1.0,0.0,AAPL,XNAS,2022-06-14T00:00:00+0000
132.87,135.2,131.4401,131.88,121893720.0,,,131.88,,,1.0,0.0,AAPL,XNAS,2022-06-13T00:00:00+0000
140.28,140.76,137.06,137.13,91437900.0,,,137.13,,,1.0,0.0,AAPL,XNAS,2022-06-10T00:00:00+0000
147.08,147.95,142.53,142.64,69367400.0,,,142.64,,,1.0,0.0,AAPL,XNAS,2022-06-09T00:00:00+0000
148.58,149.87,147.46,147.96,53895900.0,,,147.96,,,1.0,0.0,AAPL,XNAS,2022-06-08T00:00:00+0000
144.35,149.0,144.1,148.71,67713600.0,,,148.71,,,1.0,0.0,AAPL,XNAS,2022-06-07T00:00:00+0000
147.03,148.5689,144.9,146.14,70931362.0,,,146.14,,,1.0,0.0,AAPL,XNAS,2022-06-06T00:00:00+0000
146.9,147.97,144.46,145.38,88471400.0,,,145.38,,,1.0,0.0,AAPL,XNAS,2022-06-03T00:00:00+0000
147.83,151.27,146.86,151.21,72232000.0,,,151.21,,,1.0,0.0,AAPL,XNAS,2022-06-02T00:00:00+0000
149.9,151.74,147.68,148.71,74143400.0,,,148.71,,,1.0,0.0,AAPL,XNAS,2022-06-01T00:00:00+0000
149.07,150.66,146.84,148.84,93971235.0,,,148.84,,,1.0,0.0,AAPL,XNAS,2022-05-31T00:00:00+0000
145.39,149.68,145.26,149.64,90796900.0,,,149.64,,,1.0,0.0,AAPL,XNAS,2022-05-27T00:00:00+0000
137.39,144.34,137.14,143.78,90501100.0,,,143.78,,,1.0,0.0,AAPL,XNAS,2022-05-26T00:00:00+0000
138.43,141.79,138.34,140.52,92377800.0,,,140.52,,,1.0,0.0,AAPL,XNAS,2022-05-25T00:00:00+0000
140.81,141.97,137.33,140.36,103890900.0,,,140.36,,,1.0,0.0,AAPL,XNAS,2022-05-24T00:00:00+0000
137.79,143.26,137.65,143.11,117726265.0,,,143.11,,,1.0,0.0,AAPL,XNAS,2022-05-23T00:00:00+0000
139.09,140.7,132.61,137.59,137194600.0,,,137.59,,,1.0,0.0,AAPL,XNAS,2022-05-20T00:00:00+0000
139.88,141.66,136.6,137.35,135898200.0,,,137.35,,,1.0,0.0,AAPL,XNAS,2022-05-19T00:00:00+0000
146.85,147.36,139.9,140.82,109364800.0,,,140.82,,,1.0,0.0,AAPL,XNAS,2022-05-18T00:00:00+0000
148.86,149.77,146.68,149.24,78196900.0,,,149.24,,,1.0,0.0,AAPL,XNAS,2022-05-17T00:00:00+0000
145.55,147.52,144.18,145.54,86541200.0,,,145.54,,,1.0,0.0,AAPL,XNAS,2022-05-16T00:00:00+0000
144.59,148.1,143.11,147.11,113787000.0,,,147.11,,,1.0,0.0,AAPL,XNAS,2022-05-13T00:00:00+0000
142.77,146.19,138.8,142.56,182602041.0,,,142.56,,,1.0,0.0,AAPL,XNAS,2022-05-12T00:00:00+0000
153.5,155.45,145.81,146.5,142341900.0,,,146.5,,,1.0,0.0,AAPL,XNAS,2022-05-11T00:00:00+0000
155.52,156.74,152.93,154.51,115276400.0,,,154.51,,,1.0,0.0,AAPL,XNAS,2022-05-10T00:00:00+0000
154.925,155.83,151.5,152.06,131577921.0,,,152.06,,,1.0,0.0,AAPL,XNAS,2022-05-09T00:00:00+0000
156.01,159.44,154.18,157.28,116055700.0,,,157.28,,,1.0,0.0,AAPL,XNAS,2022-05-06T00:00:00+0000
163.85,164.07,154.95,156.77,130525275.0,,,156.77,,,1.0,0.0,AAPL,XNAS,2022-05-05T00:00:00+0000
159.67,166.47,159.26,166.02,108256503.0,,,166.02,,,1.0,0.0,AAPL,XNAS,2022-05-04T00:00:00+0000
158.15,160.71,156.32,159.48,88912900.0,,,159.48,,,1.0,0.0,AAPL,XNAS,2022-05-03T00:00:00+0000
156.71,158.23,153.27,157.96,122947800.0,,,157.96,,,1.0,0.0,AAPL,XNAS,2022-05-02T00:00:00+0000
161.84,166.2,157.25,157.65,131587100.0,,,157.65,,,1.0,0.0,AAPL,XNAS,2022-04-29T00:00:00+0000
159.25,164.515,158.93,163.64,130216797.0,,,163.64,,,1.0,0.0,AAPL,XNAS,2022-04-28T00:00:00+0000
155.91,159.79,155.38,156.57,87889100.0,,,156.57,,,1.0,0.0,AAPL,XNAS,2022-04-27T00:00:00+0000
162.25,162.34,156.72,156.8,95095200.0,,,156.8,,,1.0,0.0,AAPL,XNAS,2022-04-26T00:00:00+0000
161.12,163.17,158.46,162.88,96046376.0,,,162.88,,,1.0,0.0,AAPL,XNAS,2022-04-25T00:00:00+0000
166.46,167.87,161.5,161.79,84775200.0,,,161.79,,,1.0,0.0,AAPL,XNAS,2022-04-22T00:00:00+0000
168.91,171.53,165.91,166.42,87077377.0,,,166.42,,,1.0,0.0,AAPL,XNAS,2022-04-21T00:00:00+0000
168.76,168.88,166.1,167.23,67828800.0,,,167.23,,,1.0,0.0,AAPL,XNAS,2022-04-20T00:00:00+0000
165.02,167.82,163.91,167.4,67627500.0,,,167.4,,,1.0,0.0,AAPL,XNAS,2022-04-19T00:00:00+0000
163.92,166.6,163.57,165.07,68896600.0,,,165.07,,,1.0,0.0,AAPL,XNAS,2022-04-18T00:00:00+0000
170.62,171.27,165.04,165.29,75237500.0,,,165.29,,,1.0,0.0,AAPL,XNAS,2022-04-14T00:00:00+0000
167.39,171.04,166.77,170.4,70551700.0,,,170.4,,,1.0,0.0,AAPL,XNAS,2022-04-13T00:00:00+0000
168.02,169.87,166.64,167.66,79183600.0,,,167.66,,,1.0,0.0,AAPL,XNAS,2022-04-12T00:00:00+0000
168.71,169.03,165.5,165.75,72088900.0,,,165.75,,,1.0,0.0,AAPL,XNAS,2022-04-11T00:00:00+0000
171.78,171.78,169.2,170.09,76515900.0,,,170.09,,,1.0,0.0,AAPL,XNAS,2022-04-08T00:00:00+0000
171.16,173.36,169.85,172.14,77517700.0,,,172.14,,,1.0,0.0,AAPL,XNAS,2022-04-07T00:00:00+0000
172.36,173.63,170.13,171.83,88950300.0,,,171.83,,,1.0,0.0,AAPL,XNAS,2022-04-06T00:00:00+0000
177.5,178.3,174.42,175.06,73311300.0,,,175.06,,,1.0,0.0,AAPL,XNAS,2022-04-05T00:00:00+0000
174.57,178.49,174.44,178.44,76468400.0,,,178.44,,,1.0,0.0,AAPL,XNAS,2022-04-04T00:00:00+0000
174.03,174.88,171.94,174.31,78699800.0,,,174.31,,,1.0,0.0,AAPL,XNAS,2022-04-01T00:00:00+0000
177.84,178.03,174.4,174.61,102939400.0,,,174.61,,,1.0,0.0,AAPL,XNAS,2022-03-31T00:00:00+0000
178.55,179.61,176.7,177.77,92633154.0,,,177.77,,,1.0,0.0,AAPL,XNAS,2022-03-30T00:00:00+0000
176.69,179.01,176.34,178.96,100495100.0,,,178.96,,,1.0,0.0,AAPL,XNAS,2022-03-29T00:00:00+0000
172.17,175.73,172.0,175.6,90263900.0,,,175.6,,,1.0,0.0,AAPL,XNAS,2022-03-28T00:00:00+0000
173.88,175.28,172.75,174.72,80470700.0,,,174.72,,,1.0,0.0,AAPL,XNAS,2022-03-25T00:00:00+0000
171.06,174.14,170.21,174.07,90131418.0,,,174.07,,,1.0,0.0,AAPL,XNAS,2022-03-24T00:00:00+0000
167.99,172.64,167.65,170.21,97965700.0,,,170.21,,,1.0,0.0,AAPL,XNAS,2022-03-23T00:00:00+0000
165.51,169.42,164.91,168.82,81468400.0,,,168.82,,,1.0,0.0,AAPL,XNAS,2022-03-22T00:00:00+0000
163.51,166.35,163.01,165.38,95722200.0,,,165.38,,,1.0,0.0,AAPL,XNAS,2022-03-21T00:00:00+0000
160.51,164.48,159.76,163.98,123351200.0,,,163.98,,,1.0,0.0,AAPL,XNAS,2022-03-18T00:00:00+0000
158.61,161.0,157.63,160.62,75522800.0,,,160.62,,,1.0,0.0,AAPL,XNAS,2022-03-17T00:00:00+0000
157.05,160.0,154.46,159.59,101965749.0,,,159.59,,,1.0,0.0,AAPL,XNAS,2022-03-16T00:00:00+0000
150.9,155.57,150.38,155.09,92850700.0,,,155.09,,,1.0,0.0,AAPL,XNAS,2022-03-15T00:00:00+0000
151.45,154.12,150.1,150.62,108732111.0,,,150.62,,,1.0,0.0,AAPL,XNAS,2022-03-14T00:00:00+0000
158.93,159.28,154.5,154.73,96836300.0,,,154.73,,,1.0,0.0,AAPL,XNAS,2022-03-11T00:00:00+0000
160.2,160.39,155.98,158.52,96831210.0,,,158.52,,,1.0,0.0,AAPL,XNAS,2022-03-10T00:00:00+0000
161.475,163.41,159.41,162.95,91454905.0,,,162.95,,,1.0,0.0,AAPL,XNAS,2022-03-09T00:00:00+0000
158.82,162.88,155.8,157.44,131148280.0,,,157.44,,,1.0,0.0,AAPL,XNAS,2022-03-08T00:00:00+0000
163.36,165.02,159.04,159.3,96056156.0,,,159.3,,,1.0,0.0,AAPL,XNAS,2022-03-07T00:00:00+0000
164.49,165.55,162.1,163.17,83737200.0,,,163.17,,,1.0,0.0,AAPL,XNAS,2022-03-04T00:00:00+0000
168.47,168.91,165.55,166.23,73081544.0,,,166.23,,,1.0,0.0,AAPL,XNAS,2022-03-03T00:00:00+0000
164.39,167.35,162.95,166.56,79724750.0,,,166.56,,,1.0,0.0,AAPL,XNAS,2022-03-02T00:00:00+0000
164.7,166.6,161.97,163.2,83361500.0,,,163.2,,,1.0,0.0,AAPL,XNAS,2022-03-01T00:00:00+0000
163.06,165.418,162.43,165.12,95056629.0,,,165.12,,,1.0,0.0,AAPL,XNAS,2022-02-28T00:00:00+0000
163.84,165.12,160.87,164.85,91881700.0,,,164.85,,,1.0,0.0,AAPL,XNAS,2022-02-25T00:00:00+0000
152.58,162.85,152.0,162.74,141147540.0,,,162.74,,,1.0,0.0,AAPL,XNAS,2022-02-24T00:00:00+0000
165.54,166.15,159.75,160.07,89511200.0,,,160.07,,,1.0,0.0,AAPL,XNAS,2022-02-23T00:00:00+0000
164.98,166.69,162.15,164.32,91004600.0,,,164.32,,,1.0,0.0,AAPL,XNAS,2022-02-22T00:00:00+0000
169.82,170.54,166.19,167.3,82614200.0,,,167.3,,,1.0,0.0,AAPL,XNAS,2022-02-18T00:00:00+0000
171.03,171.91,168.47,168.88,66502618.0,,,168.88,,,1.0,0.0,AAPL,XNAS,2022-02-17T00:00:00+0000
171.85,173.34,170.05,172.55,61067300.0,,,172.55,,,1.0,0.0,AAPL,XNAS,2022-02-16T00:00:00+0000
170.97,172.95,170.25,172.79,62512704.0,,,172.79,,,1.0,0.0,AAPL,XNAS,2022-02-15T00:00:00+0000
167.37,169.58,166.56,168.88,86062800.0,,,168.88,,,1.0,0.0,AAPL,XNAS,2022-02-14T00:00:00+0000
172.33,173.08,168.04,168.64,98566000.0,,,168.64,,,1.0,0.0,AAPL,XNAS,2022-02-11T00:00:00+0000
174.14,175.48,171.55,172.12,88014963.0,,,172.12,,,1.0,0.0,AAPL,XNAS,2022-02-10T00:00:00+0000
176.05,176.65,174.9,176.28,70195600.0,,,176.28,,,1.0,0.0,AAPL,XNAS,2022-02-09T00:00:00+0000
171.73,175.35,171.43,174.83,73516656.0,,,174.83,,,1.0,0.0,AAPL,XNAS,2022-02-08T00:00:00+0000
172.86,173.95,170.95,171.66,77045100.0,,,171.66,,,1.0,0.0,AAPL,XNAS,2022-02-07T00:00:00+0000
171.68,174.1,170.68,172.39,82391400.0,,,172.39,,,1.0,0.0,AAPL,XNAS,2022-02-04T00:00:00+0000
174.48,176.2399,172.12,172.9,87114127.0,,,172.9,,,1.0,0.0,AAPL,XNAS,2022-02-03T00:00:00+0000
174.75,175.88,173.33,175.84,79172100.0,,,175.84,,,1.0,0.0,AAPL,XNAS,2022-02-02T00:00:00+0000
174.01,174.82,172.32,174.61,82889520.0,,,174.61,,,1.0,0.0,AAPL,XNAS,2022-02-01T00:00:00+0000
170.16,175.0,169.51,174.78,115541590.0,,,174.78,,,1.0,0.0,AAPL,XNAS,2022-01-31T00:00:00+0000
165.71,170.35,162.8,170.33,179485800.0,,,170.33,,,1.0,0.0,AAPL,XNAS,2022-01-28T00:00:00+0000
162.45,163.84,158.28,159.22,108825865.0,,,159.22,,,1.0,0.0,AAPL,XNAS,2022-01-27T00:00:00+0000
163.5,164.3894,157.82,159.69,107707884.0,,,159.69,,,1.0,0.0,AAPL,XNAS,2022-01-26T00:00:00+0000
158.98,162.76,157.02,159.78,114972000.0,,,159.78,,,1.0,0.0,AAPL,XNAS,2022-01-25T00:00:00+0000
160.02,162.3,154.7,161.62,162241960.0,,,161.62,,,1.0,0.0,AAPL,XNAS,2022-01-24T00:00:00+0000
164.42,166.33,162.3,162.41,122501300.0,,,162.41,,,1.0,0.0,AAPL,XNAS,2022-01-21T00:00:00+0000
166.98,169.64,164.23,164.51,90211048.0,,,164.51,,,1.0,0.0,AAPL,XNAS,2022-01-20T00:00:00+0000
170.0,171.08,165.94,166.23,94473863.0,,,166.23,,,1.0,0.0,AAPL,XNAS,2022-01-19T00:00:00+0000
171.51,172.53,169.41,169.8,85540485.0,,,169.8,,,1.0,0.0,AAPL,XNAS,2022-01-18T00:00:00+0000
171.34,173.78,171.09,173.07,80355000.0,,,173.07,,,1.0,0.0,AAPL,XNAS,2022-01-14T00:00:00+0000
175.78,176.62,171.79,172.19,81572060.0,,,172.19,,,1.0,0.0,AAPL,XNAS,2022-01-13T00:00:00+0000
176.12,177.179,174.821,175.53,70577429.0,,,175.53,,,1.0,0.0,AAPL,XNAS,2022-01-12T00:00:00+0000
172.32,175.18,170.82,175.08,76015600.0,,,175.08,,,1.0,0.0,AAPL,XNAS,2022-01-11T00:00:00+0000
169.08,172.5,168.17,172.19,106606900.0,,,172.19,,,1.0,0.0,AAPL,XNAS,2022-01-10T00:00:00+0000
172.89,174.14,171.03,172.17,86580100.0,,,172.17,,,1.0,0.0,AAPL,XNAS,2022-01-07T00:00:00+0000
172.7,175.3,171.64,172.0,96751000.0,,,172.0,,,1.0,0.0,AAPL,XNAS,2022-01-06T00:00:00+0000
179.61,180.17,174.64,174.92,94218700.0,,,174.92,,,1.0,0.0,AAPL,XNAS,2022-01-05T00:00:00+0000
182.63,182.9,179.12,179.7,99310448.0,,,179.7,,,1.0,0.0,AAPL,XNAS,2022-01-04T00:00:00+0000
177.83,182.88,177.71,182.01,104487900.0,,,182.01,,,1.0,0.0,AAPL,XNAS,2022-01-03T00:00:00+0000
178.085,179.23,177.26,177.57,64062262.0,,,177.57,,,1.0,0.0,AAPL,XNAS,2021-12-31T00:00:00+0000
179.47,180.57,178.09,178.2,59619100.0,,,178.2,,,1.0,0.0,AAPL,XNAS,2021-12-30T00:00:00+0000
179.33,180.63,178.14,179.38,62231200.0,,,179.38,,,1.0,0.0,AAPL,XNAS,2021-12-29T00:00:00+0000
180.16,181.33,178.53,179.29,76421728.0,,,179.29,,,1.0,0.0,AAPL,XNAS,2021-12-28T00:00:00+0000
177.085,180.42,177.07,180.33,73006629.0,,,180.33,,,1.0,0.0,AAPL,XNAS,2021-12-27T00:00:00+0000
175.85,176.85,175.27,176.28,68227500.0,,,176.28,,,1.0,0.0,AAPL,XNAS,2021-12-23T00:00:00+0000
173.04,175.86,172.15,175.64,92004100.0,,,175.64,,,1.0,0.0,AAPL,XNAS,2021-12-22T00:00:00+0000
171.56,173.2,169.12,172.99,85845000.0,,,172.99,,,1.0,0.0,AAPL,XNAS,2021-12-21T00:00:00+0000
168.28,170.58,167.46,169.75,107313400.0,,,169.75,,,1.0,0.0,AAPL,XNAS,2021-12-20T00:00:00+0000
169.93,173.47,169.69,171.14,195432700.0,,,171.14,,,1.0,0.0,AAPL,XNAS,2021-12-17T00:00:00+0000
179.28,181.14,170.75,172.26,149964200.0,,,172.26,,,1.0,0.0,AAPL,XNAS,2021-12-16T00:00:00+0000
175.11,179.5,172.31,179.3,130687600.0,,,179.3,,,1.0,0.0,AAPL,XNAS,2021-12-15T00:00:00+0000
175.25,177.74,172.21,174.33,139285700.0,,,174.33,,,1.0,0.0,AAPL,XNAS,2021-12-14T00:00:00+0000
181.115,182.09,175.53,175.74,151103753.0,,,175.74,,,1.0,0.0,AAPL,XNAS,2021-12-13T00:00:00+0000
175.205,179.63,174.69,179.45,110986702.0,,,179.45,,,1.0,0.0,AAPL,XNAS,2021-12-10T00:00:00+0000
174.91,176.75,173.92,174.56,107976382.0,,,174.56,,,1.0,0.0,AAPL,XNAS,2021-12-09T00:00:00+0000
172.125,175.95,170.7,175.08,116998851.0,,,175.08,,,1.0,0.0,AAPL,XNAS,2021-12-08T00:00:00+0000
169.08,171.58,168.34,171.18,117482381.0,,,171.18,,,1.0,0.0,AAPL,XNAS,2021-12-07T00:00:00+0000
164.29,167.8799,164.28,165.32,107496982.0,,,165.32,,,1.0,0.0,AAPL,XNAS,2021-12-06T00:00:00+0000
164.02,164.96,159.72,161.84,117938300.0,,,161.84,,,1.0,0.0,AAPL,XNAS,2021-12-03T00:00:00+0000
158.74,164.2,157.8,163.76,136474900.0,,,163.76,,,1.0,0.0,AAPL,XNAS,2021-12-02T00:00:00+0000
167.48,170.295,164.53,164.77,145135682.0,,,164.77,,,1.0,0.0,AAPL,XNAS,2021-12-01T00:00:00+0000
159.99,165.52,159.92,165.3,173758500.0,,,165.3,,,1.0,0.0,AAPL,XNAS,2021-11-30T00:00:00+0000
159.37,161.19,158.7901,160.24,88748217.0,,,160.24,,,1.0,0.0,AAPL,XNAS,2021-11-29T00:00:00+0000
159.57,160.45,156.36,156.81,76959800.0,,,156.81,,,1.0,0.0,AAPL,XNAS,2021-11-26T00:00:00+0000
160.75,162.14,159.64,161.94,69342151.0,,,161.94,,,1.0,0.0,AAPL,XNAS,2021-11-24T00:00:00+0000
161.12,161.8,159.07,161.41,96041899.0,,,161.41,,,1.0,0.0,AAPL,XNAS,2021-11-23T00:00:00+0000
161.68,165.7,161.0,161.02,117467889.0,,,161.02,,,1.0,0.0,AAPL,XNAS,2021-11-22T00:00:00+0000
157.65,161.02,156.53,160.55,117147500.0,,,160.55,,,1.0,0.0,AAPL,XNAS,2021-11-19T00:00:00+0000
153.71,158.67,153.05,157.87,137659100.0,,,157.87,,,1.0,0.0,AAPL,XNAS,2021-11-18T00:00:00+0000
150.995,155.0,150.995,153.49,88807000.0,,,153.49,,,1.0,0.0,AAPL,XNAS,2021-11-17T00:00:00+0000
149.94,151.49,149.34,151.0,59047800.0,,,151.0,,,1.0,0.0,AAPL,XNAS,2021-11-16T00:00:00+0000
150.37,151.88,149.43,150.0,59077700.0,,,150.0,,,1.0,0.0,AAPL,XNAS,2021-11-15T00:00:00+0000
148.43,150.4,147.48,149.99,63632600.0,,,149.99,,,1.0,0.0,AAPL,XNAS,2021-11-12T00:00:00+0000
148.96,149.43,147.68,147.87,40788000.0,,,147.87,,,1.0,0.0,AAPL,XNAS,2021-11-11T00:00:00+0000
150.02,150.1297,147.85,147.92,65187092.0,,,147.92,,,1.0,0.0,AAPL,XNAS,2021-11-10T00:00:00+0000
150.2,151.428,150.07,150.81,52994252.0,,,150.81,,,1.0,0.0,AAPL,XNAS,2021-11-09T00:00:00+0000
151.41,151.55,150.16,150.44,54773446.0,,,150.44,,,1.0,0.0,AAPL,XNAS,2021-11-08T00:00:00+0000
151.89,152.2,150.06,151.28,65414600.0,,,151.28,,,1.0,0.0,AAPL,XNAS,2021-11-05T00:00:00+0000
151.58,152.43,150.64,150.96,60278200.0,,,150.96,,,1.0,0.0,AAPL,XNAS,2021-11-04T00:00:00+0000
150.39,151.97,149.83,151.49,51035964.0,,,151.49,,,1.0,0.0,AAPL,XNAS,2021-11-03T00:00:00+0000
148.66,151.57,148.65,150.02,69064800.0,,,150.02,,,1.0,0.0,AAPL,XNAS,2021-11-02T00:00:00+0000
148.985,149.7,147.8,148.96,74588258.0,,,148.96,,,1.0,0.0,AAPL,XNAS,2021-11-01T00:00:00+0000
147.22,149.94,146.41,149.8,124850400.0,,,149.8,,,1.0,0.0,AAPL,XNAS,2021-10-29T00:00:00+0000
149.82,153.165,149.72,152.57,100077888.0,,,152.57,,,1.0,0.0,AAPL,XNAS,2021-10-28T00:00:00+0000
149.36,149.73,148.49,148.85,51361252.0,,,148.85,,,1.0,0.0,AAPL,XNAS,2021-10-27T00:00:00+0000
149.33,150.84,149.01,149.32,60811700.0,,,149.32,,,1.0,0.0,AAPL,XNAS,2021-10-26T00:00:00+0000
148.68,149.37,147.6211,148.64,50720561.0,,,148.64,,,1.0,0.0,AAPL,XNAS,2021-10-25T00:00:00+0000
149.69,150.18,148.64,148.69,58839600.0,,,148.69,,,1.0,0.0,AAPL,XNAS,2021-10-22T00:00:00+0000
148.81,149.64,147.87,149.48,61314200.0,,,149.48,,,1.0,0.0,AAPL,XNAS,2021-10-21T00:00:00+0000
148.7,149.7522,148.12,149.26,58418788.0,,,149.26,,,1.0,0.0,AAPL,XNAS,2021-10-20T00:00:00+0000
147.01,149.17,146.55,148.76,76248300.0,,,148.76,,,1.0,0.0,AAPL,XNAS,2021-10-19T00:00:00+0000
143.445,146.84,143.16,146.55,79797028.0,,,146.55,,,1.0,0.0,AAPL,XNAS,2021-10-18T00:00:00+0000
143.77,144.9,143.51,144.84,67885200.0,,,144.84,,,1.0,0.0,AAPL,XNAS,2021-10-15T00:00:00+0000
142.11,143.88,141.51,143.76,69907100.0,,,143.76,,,1.0,0.0,AAPL,XNAS,2021-10-14T00:00:00+0000
141.235,141.4,139.2,140.91,74732031.0,,,140.91,,,1.0,0.0,AAPL,XNAS,2021-10-13T00:00:00+0000
143.23,143.25,141.0401,141.51,73035862.0,,,141.51,,,1.0,0.0,AAPL,XNAS,2021-10-12T00:00:00+0000
142.27,144.81,141.81,142.81,63012662.0,,,142.81,,,1.0,0.0,AAPL,XNAS,2021-10-11T00:00:00+0000
144.03,144.18,142.56,142.9,58718700.0,,,142.9,,,1.0,0.0,AAPL,XNAS,2021-10-08T00:00:00+0000
143.06,144.215,142.73,143.29,61732656.0,,,143.29,,,1.0,0.0,AAPL,XNAS,2021-10-07T00:00:00+0000
139.47,142.15,138.37,142.0,83049259.0,,,142.0,,,1.0,0.0,AAPL,XNAS,2021-10-06T00:00:00+0000
139.49,142.24,139.36,141.11,80861062.0,,,141.11,,,1.0,0.0,AAPL,XNAS,2021-10-05T00:00:00+0000
141.76,142.21,138.27,139.14,98078066.0,,,139.14,,,1.0,0.0,AAPL,XNAS,2021-10-04T00:00:00+0000
141.9,142.92,139.1101,142.65,94639581.0,,,142.65,,,1.0,0.0,AAPL,XNAS,2021-10-01T00:00:00+0000
143.66,144.378,141.3,141.5,88625397.0,,,141.5,,,1.0,0.0,AAPL,XNAS,2021-09-30T00:00:00+0000
142.47,144.45,142.03,142.83,74602044.0,,,142.83,,,1.0,0.0,AAPL,XNAS,2021-09-29T00:00:00+0000
143.25,144.75,141.7,141.91,108972340.0,,,141.91,,,1.0,0.0,AAPL,XNAS,2021-09-28T00:00:00+0000
145.47,145.95,143.82,145.37,73852016.0,,,145.37,,,1.0,0.0,AAPL,XNAS,2021-09-27T00:00:00+0000
145.66,147.47,145.56,146.92,53434200.0,,,146.92,,,1.0,0.0,AAPL,XNAS,2021-09-24T00:00:00+0000
146.65,147.08,145.64,146.83,64838170.0,,,146.83,,,1.0,0.0,AAPL,XNAS,2021-09-23T00:00:00+0000
144.45,146.43,143.7001,145.85,76404341.0,,,145.85,,,1.0,0.0,AAPL,XNAS,2021-09-22T00:00:00+0000
143.93,144.6,142.78,143.43,75833962.0,,,143.43,,,1.0,0.0,AAPL,XNAS,2021-09-21T00:00:00+0000
143.8,144.84,141.28,142.94,123478863.0,,,142.94,,,1.0,0.0,AAPL,XNAS,2021-09-20T00:00:00+0000
148.82,148.82,145.76,146.06,129728700.0,,,146.06,,,1.0,0.0,AAPL,XNAS,2021-09-17T00:00:00+0000
148.44,148.9684,147.221,148.79,67901433.0,,,148.79,,,1.0,0.0,AAPL,XNAS,2021-09-16T00:00:00+0000
148.56,149.44,146.37,149.03,79159981.0,,,149.03,,,1.0,0.0,AAPL,XNAS,2021-09-15T00:00:00+0000
150.35,151.07,146.91,148.12,109296295.0,,,148.12,,,1.0,0.0,AAPL,XNAS,2021-09-14T00:00:00+0000
150.63,151.41,148.75,149.55,102404329.0,,,149.55,,,1.0,0.0,AAPL,XNAS,2021-09-13T00:00:00+0000
155.0,155.48,148.7,148.97,140646400.0,,,148.97,,,1.0,0.0,AAPL,XNAS,2021-09-10T00:00:00+0000
155.49,156.11,153.95,154.07,54962409.0,,,154.07,,,1.0,0.0,AAPL,XNAS,2021-09-09T00:00:00+0000
156.98,157.04,153.975,155.11,74160481.0,,,155.11,,,1.0,0.0,AAPL,XNAS,2021-09-08T00:00:00+0000
154.97,157.26,154.39,156.69,80079257.0,,,156.69,,,1.0,0.0,AAPL,XNAS,2021-09-07T00:00:00+0000
153.76,154.63,153.09,154.3,57808700.0,,,154.3,,,1.0,0.0,AAPL,XNAS,2021-09-03T00:00:00+0000
153.87,154.72,152.4,153.65,69600446.0,,,153.65,,,1.0,0.0,AAPL,XNAS,2021-09-02T00:00:00+0000
152.83,154.98,152.34,152.51,80313711.0,,,152.51,,,1.0,0.0,AAPL,XNAS,2021-09-01T00:00:00+0000
152.66,152.8,151.29,151.83,86453117.0,,,151.83,,,1.0,0.0,AAPL,XNAS,2021-08-31T00:00:00+0000
149.0,153.49,148.61,153.12,90956723.0,,,153.12,,,1.0,0.0,AAPL,XNAS,2021-08-30T00:00:00+0000
147.48,148.75,146.83,148.6,55721500.0,,,148.6,,,1.0,0.0,AAPL,XNAS,2021-08-27T00:00:00+0000
148.35,149.12,147.51,147.54,47601827.0,,,147.54,,,1.0,0.0,AAPL,XNAS,2021-08-26T00:00:00+0000
149.81,150.32,147.8,148.36,57790733.0,,,148.36,,,1.0,0.0,AAPL,XNAS,2021-08-25T00:00:00+0000
149.45,150.86,149.15,149.62,48606428.0,,,149.62,,,1.0,0.0,AAPL,XNAS,2021-08-24T00:00:00+0000
148.31,150.19,147.89,149.71,60131810.0,,,149.71,,,1.0,0.0,AAPL,XNAS,2021-08-23T00:00:00+0000
147.44,148.5,146.78,148.19,59947400.0,,,148.19,,,1.0,0.0,AAPL,XNAS,2021-08-20T00:00:00+0000
145.03,148.0,144.52,146.7,81030081.0,,,146.7,,,1.0,0.0,AAPL,XNAS,2021-08-19T00:00:00+0000
149.8,150.71,146.15,146.36,86325990.0,,,146.36,,,1.0,0.0,AAPL,XNAS,2021-08-18T00:00:00+0000
150.23,151.68,149.09,150.19,91690172.0,,,150.19,,,1.0,0.0,AAPL,XNAS,2021-08-17T00:00:00+0000
148.535,151.13,146.47,151.12,103558782.0,,,151.12,,,1.0,0.0,AAPL,XNAS,2021-08-16T00:00:00+0000
148.97,149.44,148.27,149.1,59318800.0,,,149.1,,,1.0,0.0,AAPL,XNAS,2021-08-13T00:00:00+0000
146.19,149.05,145.84,148.89,72282600.0,,,148.89,,,1.0,0.0,AAPL,XNAS,2021-08-12T00:00:00+0000
146.05,146.718,145.53,145.86,48493463.0,,,145.86,,,1.0,0.0,AAPL,XNAS,2021-08-11T00:00:00+0000
146.44,147.71,145.3,145.6,69023081.0,,,145.6,,,1.0,0.0,AAPL,XNAS,2021-08-10T00:00:00+0000
146.2,146.7,145.52,146.09,48802159.0,,,146.09,,,1.0,0.0,AAPL,XNAS,2021-08-09T00:00:00+0000
146.35,147.11,145.63,146.14,54067400.0,,,146.14,,,1.0,0.22,AAPL,XNAS,2021-08-06T00:00:00+0000
146.98,147.84,146.17,147.06,46236448.0,,,147.06,,,1.0,0.0,AAPL,XNAS,2021-08-05T00:00:00+0000
147.27,147.79,146.28,146.95,53941624.0,,,146.95,,,1.0,0.0,AAPL,XNAS,2021-08-04T00:00:00+0000
145.81,148.04,145.18,147.36,64433620.0,,,147.36,,,1.0,0.0,AAPL,XNAS,2021-08-03T00:00:00+0000
146.36,146.95,145.25,145.52,60129097.0,,,145.52,,,1.0,0.0,AAPL,XNAS,2021-08-02T00:00:00+0000
144.38,146.33,144.11,145.86,70382000.0,,,145.86,,,1.0,0.0,AAPL,XNAS,2021-07-30T00:00:00+0000
144.685,146.47,144.58,145.64,52800323.0,,,145.64,,,1.0,0.0,AAPL,XNAS,2021-07-29T00:00:00+0000
